<DesignerComponents>
    <DesignerComponent>
        <Header>
            <Name>Action Button Component</Name>
            <IName>ActionButtonComponent</IName>
            <Description>Action Button Component</Description>
            <Category>OTHERCOMPONENTS</Category>
            <CatDescription>Others</CatDescription>
            <Type>PalleteEntry</Type>
            <Version>1.0</Version>
        </Header>
        <Contents>
            <Model>
                <!-- copied from Button Component -->
                <Property>label</Property>
                <Property>htmlObject</Property>
                <Property name="buttonStyle">tableStyle</Property>
                <!-- <Property>expression</Property> -->
                <Property>executeAtStart</Property>
                <Property>listeners</Property>
                <Property>preExecution</Property>
                <Property>postExecution</Property>
                <Property>refreshPeriod</Property>
                <Property>tooltip</Property>
                <!-- properties specific of ActionButtonComponent -->
                <Definition name="actionDefinition">
                    <Property type="query">DataSource</Property>
                </Definition>
                <Property name="actionParameters">valuesArray</Property>
                <Property>expression</Property>
                <Property>successCallback</Property>
                <Property>failureCallback</Property>
            </Model>
            <Implementation>
                <Code src="ActionButton.js" />
                <Dependencies>
                    <Dependency src="ActionComponent.js"></Dependency>
                </Dependencies>
                <CustomProperties>
                    <DesignerProperty>
                        <Header>
	                        <Name>successCallback</Name>
	                        <Parent>BaseProperty</Parent>
	                        <DefaultValue></DefaultValue>
	                        <Description>Success Callback</Description>
	                        <Tooltip>Javascript expression to be evaluated if the call to the endpoint is successful.</Tooltip>
	                        <InputType>JavaScript</InputType>
	                        <OutputType>Function</OutputType>
	                        <Order>40</Order>
	                        <Version>1.0</Version>
                        </Header>
                    </DesignerProperty>
                    <DesignerProperty>
                        <Header>
	                        <Name>failureCallback</Name>
	                        <Parent>BaseProperty</Parent>
	                        <DefaultValue></DefaultValue>
	                        <Description>Failure Callback</Description>
	                        <Tooltip>Javascript expression to be evaluated  if the call to the endpoint fails or returns an error.</Tooltip>
	                        <InputType>JavaScript</InputType>
	                        <OutputType>Function</OutputType>
	                        <Order>40</Order>
	                        <Version>1.0</Version>
                        </Header>
                    </DesignerProperty>
                    <DesignerProperty>
                        <Header>
                            <Name>DataSource</Name>
                            <Parent>BaseProperty</Parent>
                            <DefaultValue></DefaultValue>
                            <Description>Action Datasource</Description>
                            <Tooltip>DataSource used to trigger the action</Tooltip>
                            <InputType>Datasource</InputType>
                            <Order>43</Order>
                            <Version>1.0</Version>
                        </Header>
                    </DesignerProperty>
                </CustomProperties>
            </Implementation>
        </Contents>
    </DesignerComponent>
</DesignerComponents>
