<project xmlns="http://maven.apache.org/POM/4.0.0" xmlns:xsi="http://www.w3.org/2001/XMLSchema-instance"
	xsi:schemaLocation="http://maven.apache.org/POM/4.0.0 http://maven.apache.org/maven-v4_0_0.xsd">
	<modelVersion>4.0.0</modelVersion>
<parent>
		<artifactId>saiku</artifactId>
		<groupId>org.saiku</groupId>
		<version>3.1-SNAPSHOT</version>
	</parent>
	<groupId>org.saiku</groupId>
	<artifactId>saiku-ui-nomunge</artifactId>
	<packaging>pom</packaging>
	<version>3.0.7-SNAPSHOT</version>
 <properties>
        <checkstyle.skip>true</checkstyle.skip>
	 <build.prod>false</build.prod>
    </properties>
	<build>
		<pluginManagement>
			<plugins>
				<plugin>
					<groupId>com.samaxes.maven</groupId>
					<artifactId>minify-maven-plugin</artifactId>
					<version>1.7.4-modify</version>
				</plugin>
			</plugins>
		</pluginManagement>
		<plugins>
			<plugin>
				<groupId>org.apache.maven.plugins</groupId>
				<artifactId>maven-antrun-plugin</artifactId>
				<version>1.2</version>
				<dependencies>
					<dependency>
						<groupId>ant-contrib</groupId>
						<artifactId>ant-contrib</artifactId>
						<version>1.0b3</version>
						<exclusions>
							<exclusion>
								<groupId>ant</groupId>
								<artifactId>ant</artifactId>
							</exclusion>
						</exclusions>
					</dependency>
					<dependency>
						<groupId>ant</groupId>
						<artifactId>ant-nodeps</artifactId>
						<version>1.6.5</version>
					</dependency>
				</dependencies>
				<executions>
					<execution>
						<id>copy-package</id>
						<phase>package</phase>
						<goals>
							<goal>run</goal>
						</goals>
						<configuration>
							<tasks>
							<mkdir dir="target/saiku-ui" />

                                <copy file="target/saiku-ui-3.1-SNAPSHOT/saiku.min.js" tofile="target/saiku-ui/saiku.min.js"/>
								<taskdef resource="net/sf/antcontrib/antcontrib.properties"
										 classpathref="maven.plugin.classpath" />
								<if>
								<equals arg1="${build.prod}" arg2="true" />
								<then>
									<copy todir="target/saiku-ui">
										<fileset dir="${basedir}/">
											<exclude name="js/saiku/"/>
											<exclude name="target/" />
											<exclude name="pom.xml" />
											<exclude name=".git/" />
											<exclude name=".gitignore" />

										</fileset>
										<fileset dir="${basedir}/">
											<include name="js/saiku/plugins/"/>
											<include name="js/saiku/Settings.js"/>
											<include name="js/saiku/Saiku.js"/>
										</fileset>
									</copy>
									<copy overwrite="true" file="target/saiku-ui/index_prod.html"
										  tofile="target/saiku-ui/index.html"/>
								</then>
									<else>
										<copy todir="target/saiku-ui">
											<fileset dir="${basedir}/">
												<exclude name="target/" />
												<exclude name="pom.xml" />
												<exclude name=".git/" />
												<exclude name=".gitignore" />

											</fileset>
											<fileset dir="${basedir}/">
												<include name="js/saiku/plugins/"/>
												<include name="js/saiku/Settings.js"/>
												<include name="js/saiku/Saiku.js"/>
											</fileset>
										</copy>
									</else>
								</if>
                                <!--<copy file="target/saiku-ui-3.1-SNAPSHOT/saiku.min.js.gz"
									   tofile="target/saiku-ui/saiku.min.js.gz"/>-->
<!--                                <copy todir="target/saiku-ui/doc/">
									<fileset dir="${basedir}/target/jsdoc"/>
								</copy>
-->
								<zip destfile="target/saiku-ui-${project.version}.zip">
									<zipfileset dir="target/saiku-ui/" />
								</zip>
								<zip destfile="target/saiku-ui-${project.version}.war">
									<zipfileset dir="target/saiku-ui/" />
								</zip>
							</tasks>
						</configuration>
					</execution>
				</executions>
			</plugin>
			<plugin>
			    <groupId>org.codehaus.mojo</groupId>
			    <artifactId>build-helper-maven-plugin</artifactId>
			    <version>1.7</version>
			    <executions>
			        <execution>
			            <id>attach-artifacts</id>
			            <phase>package</phase>
			            <goals>
			                <goal>attach-artifact</goal>
			            </goals>
			            <configuration>
			                <artifacts>
			                    <artifact>
			                        <file>target/saiku-ui-${project.version}.war</file>
			                        <type>war</type>
			                    </artifact>
			                     <artifact>
			                        <file>target/saiku-ui-${project.version}.zip</file>
			                        <type>zip</type>
			                    </artifact>
			                </artifacts>
			            </configuration>
			        </execution>
			    </executions>
			</plugin>

		</plugins>
	</build>
     <repositories>
        <repository>
            <id>jsdoctk1</id>
            <url>http://jsdoctk-plugin.googlecode.com/svn/repo</url>
        </repository>
    </repositories>
    <pluginRepositories>
        <pluginRepository>
            <id>jsdoctk2</id>
            <url>http://jsdoctk-plugin.googlecode.com/svn/repo</url>
        </pluginRepository>
        <pluginRepository>
            <name>oss.sonatype.org</name>
            <id>oss.sonatype.org</id>
            <url>http://oss.sonatype.org/content/groups/public</url>
        </pluginRepository>
    </pluginRepositories>
</project>
